Name,Id
Sana Malik,61562489837353
Hammad Ali,100051528219504
Shehzad Khan,100063709308274
Riyaz Mallah,61562374706688
Mian Muhammad Ikram,100086822634130
Asmeel Ali,100093433690479
Zubair Khan,61564087174443
Malik Sardar,61562875344431
Malik Naveed,61557721462495
Prince Babar,61558762509683
Bappa Barman,100058300458860
