Name,Id
Bappa Barman,100058300458860
Asmeel Ali,100093433690479
Sana Malik,61562489837353
Shehzad Khan,100063709308274
Hammad Ali,100051528219504
Riyaz Mallah,61562374706688
Malik Naveed,61557721462495
Muhammad Amir,100076137883180
Malik Sardar,61562875344431
Prince Babar,61558762509683
Mian Muhammad Ikram,100086822634130
Muhammad Khalid,61556651622941
Zubair Khan,61564087174443
